<?xml version="1.0" encoding="UTF-8" ?>
<!DOCTYPE configuration
        PUBLIC "-//mybatis.org//DTD Config 3.0//EN"
        "http://mybatis.org/dtd/mybatis-3-config.dtd">

<configuration>
    <!--加载外部properties配置-->
    <properties resource=""></properties>

    <!--设置java类型别名-->
    <typeAliases>
        <!--设置一个Java类型的别名-->
        <!--<typeAlias type="com.test.domain.user" alias="User"></typeAlias>-->
        
        <!--将整个包下所有类名设置别名-->
        <package name=""/>
    </typeAliases>
    
    <!--数据库环境配置-->
    <environments default="development">
        <!--使用mysql环境-->
        <environment id="mysql">
            <!--事务管理器 JDBC类型-->
            <transactionManager type="JDBC"></transactionManager>
            <!--连接池 内置POOLED-->
            <dataSource type="POOLED">
                <property name="driver" value="${database.driver}"/>
                <property name="url" value="${database.url}"/>
                <property name="username" value="${database.username}"/>
                <property name="password" value="${database.password}"/>
            </dataSource>
        </environment>
    </environments>
    
    <!--加载映射文件-->
    <mappers>
        <mapper resource=""></mapper>
    </mappers>

</configuration>